name,username
Yonatan Rodriguez,YonatanRA
Daniel alonso pujol,alonsodani11
Sergio Gutierrez,serguma
Patricia Rick,PatriciaRick
Ricardo Cardona,ricccardo
Martin Molestina,MartinML
Jessica Brantuas,iamjss
Gonzalo Vilela Guerrero,Gonzalo2104
Carlos Dueñas,Carlosdss
Vicente Castillo Casarejos,vicentec
Ivan Peña,pipen319
Juan José Pascual,Juanjopf19
Rafael Euguren,rafaeguren
Jacobo Pintos,JacoboP
Cecil Fernandez,Cecil_gabaxi
Miguel Ángel López Donoso,Mihlos
Eduardo Leste,eduleste@gmail.com