name,username
Ana,AnaMA
Jaime Calcedo,JaimeCalcedo
Jaime Vázquez,jaimevazquezg
Javier Pérez,BlueJotas
Jesús,Jesus_perez
José Manuel,JoseManuel-G
Pepe,pptrv
Juan Marín,jm00code
Juanpe, juanpe17
Leticia,leticia-sobrino
Luciana Lescano,LucianaLescano
Mariana,Marxess
Mario, Mario Sainz
Nuria Peñas,Nuria Peñas
Patricia,patri.carrasco
Rafael,rrodcan
Sergio Calero,sergio calero
Sergio González,sgonzalainen
Sonia Quintanar,Sonia Quintanar
